year,total_mm,anom_z
2015,-1484.4206237792969,-0.09650392633842482
2016,-1508.9866638183594,-0.3681646864061577
2017,-1564.3965759277344,-0.9809088981303008
2018,-1282.7709655761719,2.133415886857078
2019,-1566.6452941894531,-1.0057760932983186
2020,-1373.8937377929688,1.1257450729802059
2021,-1541.2829895019531,-0.7253099311688112
2022,-1569.628662109375,-1.0387673281655967
2023,-1431.4048767089844,0.48976468357097286
2024,-1433.5082092285156,0.46650522009934836
