year,total_mm,anom_z
2015,-1484.4206237792969,-0.46050527117312867
2016,-1508.9866638183594,-0.5578255800349657
2017,-1564.3965759277344,-0.77733632543459
2018,-1282.7709655761719,0.33834578447144764
2019,-1566.6452941894531,-0.7862448005256398
2020,-1373.8937377929688,-0.022644278330059067
2021,-1541.2829895019531,-0.6857700263369337
2022,-1569.628662109375,-0.7980636482908319
2023,-890.0187072753906,1.8942648916306788
2024,-899.7334289550781,1.8557792540240223
